출장,business
박람회,business
페어,business
출근,business
퇴근,business
회사,business
코스피,business
주식,business
직장,business
직장인,business
회사원,business
사무실,business
증권,business
통근,business
직원,business
근무,business
사업,business
비니지스,business
비즈니스,business
비즈,business
컨퍼런스,business
면접,business
보험,business
컨벤션,business
취업,business
책,education
과제,education
강의실,education
숙제,education
야자,education
수업,education
과외,education
학원,education
통학,education
경시대회,education
기말고사,education
중간고사,education
시험,education
학생,education
교육,education
에세이,education
학교,education
휴강,education
공강,education
수험,education
레슨,education
영어,education
수학,education
국어,education
과학,education
사회,education
수능,education
대학,education
특강,education
세미나,education
문고,education
서점,education
강사,education
학회,education
교수,education
대학교,education
수강,education
소송,legal
법원,legal
판결,legal
재판,legal
인테리어,housing
가구,housing
방,housing
리빙,housing
자취,housing
자취방,housing
애완,housing
펫,housing
애완견,housing
강아지,housing
고양이,housing
개,housing
푸들,housing
혼자,relaxation
홀로,relaxation
솔로,relaxation
혼밥,relaxation
힘들,relaxation
힘들다,relaxation
피곤,relaxation
힘듬,relaxation
텔레비전,relaxation
소파,relaxation
여유,relaxation
여독,relaxation
휴무,relaxation
휴가,relaxation
휴식,relaxation
만화책,relaxation
독서,relaxation
사우나,relaxation
월요병,relaxation
주일,religion
예배,religion
미사,religion
교회,religion
성당,religion
절,religion
천주교,religion
개신교,religion
불교,religion
가톨릭,religion
기도,religion
부처님,religion
부처,religion
스님,religion
성가대,religion
석가,religion
사역,religion
개척교회,religion
성경,religion
성서,religion
복음,religion
부엌,chores
냉장고,chores
요리,chores
수납장,chores
나사,chores
플레이트,chores
분리수거,chores
전등,chores
커튼,chores
설거지,chores
벽지,chores
빨래,chores
책장,chores
의자,chores
치맥,dining
안주,dining
피맥,dining
후식,dining
팬케이크,dining
아포가토,dining
초콜릿,dining
초코,dining
chocolate,dining
초콜렛,dining
마카롱,dining
빙수,dining
빵,dining
파니니,dining
크로와상,dining
케익,dining
아이스크림,dining
에그타르트,dining
쿠키,dining
디저트그램,dining
팝콘,dining
푸딩,dining
간식,dining
티라미슈,dining
삼겹살,dining
순대국밥,dining
칼국수,dining
따로국밥,dining
막창,dining
국밥,dining
돼지국밥,dining
닭발,dining
대하,dining
한정식,dining
갈비찜,dining
냉면,dining
불고기,dining
비빔밥,dining
순대국,dining
육회,dining
차돌박이,dining
막국수,dining
우육,dining
꿔바로우,dining
짜장면,dining
짬뽕,dining
딤섬,dining
완탕,dining
차슈,dining
샤오롱바오,dining
샤오롱빠오,dining
초밥,dining
스시,dining
sushi,dining
샤브샤브,dining
라멘,dining
우동,dining
메밀,dining
돈까스,dining
돈코츠,dining
규동,dining
이탈리안,dining
햄버거,dining
수제버거,dining
burger,dining
버거,dining
치즈버거,dining
와퍼,dining
파스타,dining
pasta,dining
까르보나라,dining
봉골레,dining
알리오,dining
감자튀김,dining
감튀,dining
피자,dining
pizza,dining
치즈,dining
샐러드,dining
스테이크,dining
리조또,dining
바베큐,dining
바비큐,dining
barbecue,dining
푸드,dining
야식,dining
브런치,dining
채끝살,dining
애플파이,dining
주시,dining
비엔나커피,dining
말차,dining
새우,dining
밥상,dining
단골집,dining
안창살,dining
치킨,dining
도너츠,dining
후라이드,dining
밥도둑,dining
미트볼,dining
물회,dining
맥도날드,dining
프렌치토스트,dining
소금구이,dining
머랭,dining
밀크티,dining
솜사탕,dining
공차,dining
오크우드,dining
티타임,dining
소세지,dining
카페인,dining
소바,dining
육아,childcare
아기,childcare
딸,childcare
아들,childcare
베이비,childcare
딸스타그램,childcare
아들스타그램,childcare
육아스타그램,childcare
키즈,childcare
kids,childcare
토이,childcare
젖병,childcare
유아,childcare
딸내미,childcare
임신,childcare
임신부,childcare
임산부,childcare
산후조리,childcare
산후,childcare
디톡스,childcare
보톡스,childcare
출산,childcare
다이어트,health
병원,health
요가,health
필라테스,health
등산,health
원적외선,health
펌핑,health
근육,health
인바디,health
독감,health
감기,health
땀,health
근육통,health
사랑니,health
치과,health
클리닉,health
피부과,health
정형외과,health
아토피,health
체지방,health
수영,health
칼로리,health
패션,fashion&beauty
쇼핑,fashion&beauty
백화점,fashion&beauty
스타일,fashion&beauty
디자인,fashion&beauty
모델,fashion&beauty
예쁜,fashion&beauty
퓨마,fashion&beauty
유니클로,fashion&beauty
비비안웨스트우드,fashion&beauty
와이셔츠,fashion&beauty
지스타,fashion&beauty
헤르메스,fashion&beauty
뷰티,fashion&beauty
이쁜,fashion&beauty
쇼핑몰,fashion&beauty
화장품,fashion&beauty
화장,fashion&beauty
헤어,fashion&beauty
메이크업,fashion&beauty
원피스,fashion&beauty
팔찌,fashion&beauty
귀걸이,fashion&beauty
귀고리,fashion&beauty
옆머리,fashion&beauty
앞머리,fashion&beauty
구두,fashion&beauty
배기,fashion&beauty
청바지,fashion&beauty
바지,fashion&beauty
스트라이프,fashion&beauty
스니커즈,fashion&beauty
남성복,fashion&beauty
키엘,fashion&beauty
슬랙스,fashion&beauty
헤라,fashion&beauty
토너,fashion&beauty
모공,fashion&beauty
아름다운,fashion&beauty
에뛰드,fashion&beauty
속옷,fashion&beauty
디자이너,fashion&beauty
직구,fashion&beauty
타투,fashion&beauty
스웨이드,fashion&beauty
레이어드,fashion&beauty
네일,fashion&beauty
스모키,fashion&beauty
데코,fashion&beauty
페디큐어,fashion&beauty
스트리트,fashion&beauty
정장,fashion&beauty
캐주얼,fashion&beauty
남방,fashion&beauty
부티크,fashion&beauty
핸드백,fashion&beauty
하이힐,fashion&beauty
무스탕,fashion&beauty
벨벳,fashion&beauty
스타일링,fashion&beauty
속눈썹,fashion&beauty
파카,fashion&beauty
가디건,fashion&beauty
반스,fashion&beauty
타워,outdoor
야경,outdoor
전망대,outdoor
해수욕장,outdoor
산책,outdoor
운동,outdoor
국립공원,outdoor
한강,outdoor
코스모스,outdoor
유람선,outdoor
등산로,outdoor
도시공원,outdoor
캠핑장,outdoor
청계천,outdoor
광장,outdoor
잔디밭,outdoor
분수,outdoor
드라이브,outdoor
피크닉,outdoor
도시락,outdoor
캠핑,outdoor
텐트,outdoor
산행,outdoor
애벌레,outdoor
도깨비시장,outdoor
야시장,outdoor
단풍,outdoor
나무,outdoor
밤바다,outdoor
바다,outdoor
안개꽃,outdoor
꽃,outdoor
개나리,outdoor
빗소리,outdoor
벚꽃,outdoor
스카이라운지,outdoor
무궁화,outdoor
광합성,outdoor
탐방,outdoor
캠프,outdoor
운치,outdoor
경치,outdoor
케이블카,traveling
호텔,traveling
여행,traveling
여행스타그램,traveling
travel,traveling
가족여행,traveling
떠나,traveling
투어,traveling
기차,traveling
버스,traveling
운전대,traveling
일본,traveling
외국,traveling
미국,traveling
역,traveling
터미널,traveling
공항,traveling
환승,traveling
대중교통,traveling
철도,traveling
여권,traveling
맥주,social
수제맥주,social
비어,social
beer,social
생맥주,social
소주,social
소맥,social
와인,social
wine,social
리큐르,social
칵테일,social
모히또,social
마가리타,social
마가리따,social
cocktail,social
막걸리,social
술스타그램,social
낮술,social
술집,social
동동주,social
한잔,social
결혼식,social
가족,social
럽스타그램,social
남자친구,social
여자친구,social
커플,social
동창회,social
동창,social
모임,social
상견례,social
축하,social
돌잔치,social
환갑잔치,social
칠순잔치,social
웨딩,social
친구,social
오빠,social
남친,social
여친,social
친스타그램,social
대학동기,social
친구스타그램,social
베프,social
칭구,social
불금,social
불토,social
심야,social
프렌즈,social
할로윈,social
링고스타,social
썸남,social
코로나,social
크리스마스,social
신랑,social
인연,social
우정,social
고량주,social
외출,social
청하,social
블로그,social
페이스북,social
관계,social
결혼기념일,social
축가,social
이자카야,social
놀이기구,entertainment
아쿠아리움,entertainment
회전목마,entertainment
놀이동산,entertainment
바이킹,entertainment
매치,entertainment
라인업,entertainment
국가대표,entertainment
평가전,entertainment
축구단,entertainment
응원,entertainment
지정석,entertainment
클럽,entertainment
노래방,entertainment
파티,entertainment
나이트클럽,entertainment
영화관,entertainment
놀이공원,entertainment
PC방,entertainment
야구장,entertainment
외야,entertainment
내야,entertainment
홈런,entertainment
축구장,entertainment
농구장,entertainment
배구장,entertainment
운동장,entertainment
축제,entertainment
헬스,entertainment
자전거,entertainment
경기관람,entertainment
노래,entertainment
게임,entertainment
피시방,entertainment
보드게임,entertainment
춤,entertainment
홈경기,entertainment
싸이클,entertainment
당구,entertainment
건배,entertainment
만화방,entertainment
다이빙,entertainment
불꽃놀이,entertainment
에버랜드,entertainment
오락실,entertainment
사이클,entertainment
프라모델,entertainment
영화,art&culture
연극,art&culture
공연,art&culture
뮤지컬,art&culture
장터,art&culture
개막식,art&culture
콘서트,art&culture
미술,art&culture
체험,art&culture
작품,art&culture
역사탐방,art&culture
역사,art&culture
작품전,art&culture
사진전,art&culture
한복,art&culture
궁궐,art&culture
박물관,art&culture
미술관,art&culture
아트,art&culture
시사회,art&culture
페스티벌,art&culture
음악회,art&culture
버스킹,art&culture
오페라,art&culture
문화,art&culture
최신작,art&culture
벅스,art&culture
뮤직,art&culture
그림,art&culture
개봉,art&culture
영화제,art&culture
일러스트,art&culture
연기자,art&culture
스튜디오,art&culture
참관,art&culture
일러스트레이션,art&culture
콩쿨,art&culture
갤러리,art&culture
컬처,art&culture
컬쳐,art&culture
경복궁,art&culture
아트홀,art&culture
상영,art&culture
재개봉,art&culture
사인회,art&culture
예술가,art&culture
아티스트,art&culture
공예,art&culture
재즈,art&culture
큐레이터,art&culture
뮤지엄,art&culture
상영관,art&culture
마블,art&culture
좌석,art&culture
패션쇼,art&culture